1180,Dentistry,Dental Hygiene,Dentistry,0,,Dentistry1181,Dentistry,Dental Hygiene,Dentistry,0,,Dentistry1200,Dentistry,Dentistry,Dentistry,0,,Dentistry2200,Dentistry,Dentistry,Dentistry,0,,Dentistry3200,Dentistry,Dentistry Postgraduate,Dentistry,0,,Dentistry3203,Dentistry,Dentistry Postgraduate,Dentistry,0,,Dentistry3206,Dentistry,Dentistry Postgraduate,Dentistry,0,,Dentistry3209,Dentistry,Dentistry Postgraduate,Dentistry,0,,Dentistry3212,Dentistry,Dentistry Postgraduate,Dentistry,0,,Dentistry3215,Dentistry,Dentistry Postgraduate,Dentistry,0,,Dentistry3218,Dentistry,Dentistry Postgraduate,Dentistry,0,,Dentistry4005,Dentistry,Dentistry Resident,Dentistry,0,,Dentistry2201,Dentistry,International Dentistry,Dentistry,0,,Dentistry5600,Grad Acad,Oral and Craniofacial Sciences,Dentistry,1,"MS, PhD",Grad Acad,Dependents,Dependents of students or SRHPs,Dependents,,,Dependents,Grad Acad,Clinical Research Certificate Program,Grad Div (only),1,Certificate,Grad Acad,Grad Acad,Clinical Research MAS,Grad Div (only),1,Is this Grad only?,Grad Acad5266,Medicine,Advanced Training in Clinical Research,Medicine,0,,Medicine5020,Medicine,Anatomy,Medicine,0,,Medicine4025,Medicine,Anesthesia,Medicine,0,,Medicine5060,Grad Acad,Biochemistry and Molecular Biology,Medicine,1,PhD,Grad Acad5063,Grad Acad,Bioengineering,Medicine,1,PhD,Grad Acad5067,Grad Acad,Biomedical Imaging5080,Grad Acad,Dental Hygiene5215,Grad Acad,Dev&SteCell Bi5000,Medicine,BIOMATH,Medicine,0,,Medicine5500,Medicine,Biomedical Research,Medicine,0,,Medicine5065,Grad Acad,Biomedical Sciences,Medicine,1,PhD,Grad Acad5066,Grad Acad,Biophysics,Medicine,1,PhD,Grad Acad4140,Medicine,Cancer Research Inst,Medicine,0,,Medicine4125,Medicine,Cardiovascular Research,Medicine,0,,Medicine5115,Grad Acad,Cell Biology (TETRAD),Medicine,1,PhD,Grad Acad5124,Medicine,Clinical Laboratory Science,Medicine,0,,Medicine5141,Medicine,Comparative Pharmacology & Toxicology,Medicine,0,,Medicine4210,Medicine,Dermatology,Medicine,0,,Medicine5210,Grad Acad,Developmental Biology,Medicine,1,PhD,Grad Acad5265,Medicine,Endocrinology,Medicine,0,,Medicine5290,Grad Acad,Epidemiology and Translational Science,Medicine,1,PhD,Grad Acad1295,Medicine,Exfoliative Cytology,Medicine,0,,Medicine5272,Medicine,Experimental Pathology,Medicine,0,,Medicine4015,Medicine,Family & Community Medicine,Medicine,0,,Medicine5285,Grad Acad,Genetics (TETRAD),Medicine,1,PhD,Grad Acad5372,Grad Acad,History of Health Sciences,Medicine,1,"MA, PhD",Grad Acad5380,Medicine,Human Devel & Aging,Medicine,0,,Medicine5400,Medicine,Immunology,Medicine,0,,Medicine4124,Medicine,Laboratory Medicine,Medicine,0,,Medicine5445,Medicine,Medical & Biological Illustration,Medicine,0,,Medicine5440,Grad Acad,Medical Anthropology,Medicine,1,PhD,Grad Acad1495,Medicine,Medical Technology,Medicine,0,,Medicine2500,Medicine,Medicine,Medicine,0,,Medicine2501,Medicine,Medicine (UCB),Medicine,0,,Medicine4500,Medicine,Medicine Resident,Medicine,0,,Medicine5515,Medicine,Microbiology,Medicine,0,,Medicine4540,Medicine,Nerology,Medicine,0,,Medicine4538,Medicine,Neurological Surgery,Medicine,0,,Medicine5530,Grad Acad,Neuroscience,Medicine,1,PhD,Grad Acad4575,Medicine,Obstetrics & Gynecology,Medicine,0,,Medicine4590,Medicine,Ophthalmology,Medicine,0,,Medicine4645,Medicine,Orthopaedic Surgery,Medicine,0,,Medicine4660,Medicine,Otolaryngology,Medicine,0,,Medicine5010,Medicine,Pain Management,Medicine,0,,Medicine4679,Medicine,Pathology,Medicine,0,,Medicine5685,Medicine,Pathology,Medicine,0,,Medicine4685,Medicine,Pediatrics,Medicine,0,,Medicine5720,Medicine,Pharmacology,Medicine,0,,Medicine1750,Medicine,Physical Therapy,Medicine,0,,Medicine5752,Physical Therapy,Physical Therapy (DPT),Medicine,1,DPT,Physical Therapy5751,Physical Therapy,Physical Therapy (DPTSc),Medicine,1,DPTSc,Physical Therapy5750,Physical Therapy,Physical Therapy (MS),Medicine,0,,Physical Therapy5755,Medicine,Physiology,Medicine,0,,Medicine4790,Medicine,Psychiatry,Medicine,0,,Medicine5490,Medicine,Psychiatry,Medicine,0,,Medicine5795,Medicine,Psychology,Medicine,0,,Medicine4814,Medicine,Radiation Oncology,Medicine,0,,Medicine4824,Medicine,Radiology,Medicine,0,,Medicine4842,Medicine,Rotating,Medicine,0,,Medicine5950,Medicine,Speech & Hearing Science,Medicine,0,,Medicine4924,Medicine,Surgery,Medicine,0,,Medicine4975,Medicine,Urology,Medicine,0,,Medicine5310,Grad Acad,Global Health Sciences,not required (Grad Div),1,MS,Grad Acad1550,Nursing,Nursing,Nursing,0,,Nursing1551,Nursing,Nursing,Nursing,0,,Nursing1552,Nursing,Nursing,Nursing,0,,Nursing5559,Nursing,Nursing Limited,Nursing,0,,Nursing5560,Nursing,Nursing Science,Nursing,0,,Nursing5900,Nursing,Sociology,Nursing,1,PhD,Nursing5555,Nursing,Nursing,Nursing (BS/MS),0,,Nursing5552,Nursing,Nursing,Nursing (MEPN),1,MS,Nursing5550,Nursing,Nursing,Nursing (MS),1,MS,Nursing5557,Nursing,Nursing,Nursing (PhD),1,PhD,Nursing5450,Grad Acad,Biological and Medical Informatics,Pharmacy,1,PhD,Grad Acad5710,Grad Acad,Chemistry and Chemical Biology,Pharmacy,1,PhD,Grad Acad5700,Pharmacy,Pharmaceutical Chemistry,Pharmacy,0,,Pharmacy5715,Grad Acad,Pharmaceutical Sciences and Pharmacogenomics,Pharmacy,1,PhD,Grad Acad1730,Pharmacy,Pharmacy,Pharmacy,0,,Pharmacy2730,Pharmacy,Pharmacy,Pharmacy,0,,Pharmacy4990,Pharmacy,Pharmacy Resident,Pharmacy,0,,Pharmacy,SRHP,"Chaplain, Pastoral Care",SRHP,0,,SRHP,SRHP,Child Trauma Research Prgm (CTRP),SRHP,0,,SRHP,SRHP,Clinical Pastoral Education,SRHP,0,,SRHP,SRHP,Clinical Psychology,SRHP,0,,SRHP,SRHP,Dietetic Intern,SRHP,,,SRHP,SRHP,Pharmacy Specialty Resident,SRHP,,,SRHP6011,SRHP,Chaplains Med Ctr,SRHP ??,0,,SRHP5963,Unclassified,Unclassified,Unclassified,,,Unclassified6009,Visitor,Dental Mentorship Prgm,Visitor,,,Visitor5018,Visitor,Dental Post-Baccalaureate,Visitor,,,Visitor6018,Visitor,Dental Post-Baccalaureate,Visitor,,,Visitor6013,Visitor,Dentistry Visitor,Visitor,0,,Visitor6020,Visitor,Dorris Duke Fellowship Prgm,Visitor,,,Visitor6004,Visitor,Education Abroad Program,Visitor,,,Visitor6017,Visitor,Graduate Div Visitor,Visitor,,,Visitor6002,Visitor,Intercampus Exchange,Visitor,,,Visitor6007,Visitor,Intercampus Visitor,Visitor,,,Visitor6012,Visitor,Intercampus Visitor,Visitor,,,Visitor5008,Visitor,Med Post-Baccalaureate,Visitor,,,Visitor6008,Visitor,Med Post-Baccalaureate,Visitor,,,Visitor6014,Visitor,Medicine Visitor,Visitor,,,Visitor6010,Visitor,Nursing Post-Masters,Visitor,,,Visitor6016,Visitor,Nursing Visitor,Visitor,,,Visitor5019,Visitor,Pharm Post-Baccalaureate,Visitor,,,Visitor6019,Visitor,Pharm Post-Baccalaureate,Visitor,,,Visitor6015,Visitor,Pharmacy Visitor,Visitor,,,Visitor6001,Visitor,San Francisco Consortium,Visitor,,,Visitor6003,Visitor,University Exchange,Visitor,,,Visitor